Value,Performance,Building On Past Work,Generalization,Efficiency,Quantitative Evidence,Novelty,Understanding (For Researchers),Applies To Real World,Formal Description/Analysis,Simplicity,Identifying Limitations,Robustness,Unifying Ideas,Effectiveness,Theoretical Guarantees,Used in Practice/Popular,Scientific Methodology,Approximation,Large Scale,Scales Up,Successful,Generality,Qualitative Evidence,Improvement,Facilitating Use,Useful,Label Efficiency,Parallelizability / Distributed,Practical,Promising,Preciseness,Easy To Implement,Requires Few Resources,Progress,Realistic Output,Exactness,Interpretable (To Users),Beneficence,Automatic,Concreteness,Human-Like Mechanism,Security,Learning From Humans,Controllability (Of Model Owner),Principled,Easy To Work With,Deferral To Humans,Realistic World Model,Critique,Privacy,Reproducibility,User Influence,Non-Maleficence,Explicability,Respect for Law and Public Interest,Not Socially Biased,Fairness,Critiquability,Justice,Respect For Persons,Autonomy (Power To Decide),Transparent (To Users),Collective Influence
Frequency,87.0,79.0,79.0,73.0,72.0,63.0,51.0,47.0,46.0,42.0,36.0,32.0,32.0,32.0,31.0,30.0,30.0,29.0,27.0,26.0,24.0,21.0,21.0,19.0,19.0,18.0,16.0,14.0,13.0,12.0,11.0,10.0,10.0,10.0,10.0,10.0,9.0,9.0,8.0,7.0,7.0,7.0,6.0,6.0,4.0,4.0,4.0,3.0,3.0,3.0,3.0,2.0,2.0,1.0,1.0,1.0,1.0,0.0,0.0,0.0,0.0,0.0,0.0
90% Confidence Interval,5.612083403377788,6.796980237183314,6.796980237183314,7.408599641997837,7.492695407492617,8.056825377765996,8.342110576682774,8.328747155084425,8.317036547688469,8.236286707851542,8.010028319511978,7.784348301237149,7.784348301237149,7.784348301237149,7.717883282429118,7.647200227688241,7.647200227688241,7.572181017279135,7.408599641997839,7.3197348255446455,7.1269749307013575,6.796980237183314,6.796980237183314,6.5465444961846835,6.5465444961846835,6.411150809398834,6.117760182150598,5.790366559336603,5.6120834033777856,5.422814807494747,5.221366279167865,5.006267699694987,5.006267699694987,5.006267699694987,5.006267699694987,5.006267699694987,4.775675011526488,4.775675011526488,4.527221269759051,4.257780890314824,4.257780890314824,4.257780890314824,3.9630756830311133,3.9630756830311133,3.270080368007896,3.270080368007896,3.270080368007896,2.8466843164506943,2.8466843164506943,2.8466843164506943,2.8466843164506943,2.3362582598576607,2.3362582598576607,1.6603911559963898,1.6603911559963898,1.6603911559963898,1.6603911559963898,0.0,0.0,0.0,0.0,0.0,0.0
