Era,Category,Fraction of era's papers
2008-2009,Big Tech affiliation,0.1276595744680851
2008-2009,Other corporate affiliation,0.10638297872340426
2008-2009,No corporate affiliation,0.7659574468085106
2018-2019,Big Tech affiliation,0.4716981132075472
2018-2019,Other corporate affiliation,0.07547169811320754
2018-2019,No corporate affiliation,0.4528301886792453
